{
    "features": [
        7,
        13,
        14,
        19,
        31,
        33,
        40,
        45,
        59,
        71,
        72,
        73,
        113,
        126,
        127,
        131,
        138,
        143,
        182,
        204,
        208,
        210,
        223,
        225,
        227,
        235,
        294,
        297,
        299,
        300,
        316,
        360,
        369,
        373,
        411,
        425,
        426,
        434,
        458,
        459,
        467,
        469,
        477,
        479,
        499,
        511,
        525,
        528,
        529,
        567,
        570,
        576,
        585,
        586,
        590,
        603,
        608,
        622,
        630,
        643,
        650,
        662,
        678,
        694,
        725,
        733,
        754,
        768,
        774,
        785,
        806,
        842,
        846,
        847,
        869,
        874,
        879,
        890,
        893,
        898,
        902,
        924,
        946,
        948,
        982,
        989,
        993,
        1011,
        1014,
        1044,
        1050,
        1057,
        1075,
        1085,
        1089,
        1138,
        1163,
        1165,
        1172,
        1192
    ],
    "metrics": {
        "experiment": 21,
        "val_loss": 0.6438159942626953,
        "val_acc": 0.6057186126708984,
        "val_win_precision": 0.29386991262435913,
        "val_win_recall": 0.11600405722856522,
        "val_win_f1": 0.14329765737056732,
        "selected_features": [
            7,
            13,
            14,
            19,
            31,
            33,
            40,
            45,
            59,
            71,
            72,
            73,
            113,
            126,
            127,
            131,
            138,
            143,
            182,
            204,
            208,
            210,
            223,
            225,
            227,
            235,
            294,
            297,
            299,
            300,
            316,
            360,
            369,
            373,
            411,
            425,
            426,
            434,
            458,
            459,
            467,
            469,
            477,
            479,
            499,
            511,
            525,
            528,
            529,
            567,
            570,
            576,
            585,
            586,
            590,
            603,
            608,
            622,
            630,
            643,
            650,
            662,
            678,
            694,
            725,
            733,
            754,
            768,
            774,
            785,
            806,
            842,
            846,
            847,
            869,
            874,
            879,
            890,
            893,
            898,
            902,
            924,
            946,
            948,
            982,
            989,
            993,
            1011,
            1014,
            1044,
            1050,
            1057,
            1075,
            1085,
            1089,
            1138,
            1163,
            1165,
            1172,
            1192
        ]
    }
}